{
  "sections": {
    "hero_custom": {
      "type": "hero-banner-custom",
      "blocks": {
        "slide_1": {
          "type": "slide",
          "settings": {
            "title": "Welcome to Our Store",
            "subtitle": "Discover amazing products that will transform your life",
            "button_text": "Explore More",
            "button_link": "shopify://collections/all",
            "text_alignment": "left",
            "text_color": "#ffffff"
          }
        },
        "slide_2": {
          "type": "slide",
          "settings": {
            "title": "Premium Quality",
            "subtitle": "Experience the difference with our carefully curated collection",
            "button_text": "Shop Now",
            "button_link": "shopify://collections/featured",
            "text_alignment": "center",
            "text_color": "#ffffff"
          }
        },
        "slide_3": {
          "type": "slide",
          "settings": {
            "title": "Free Shipping",
            "subtitle": "On all orders over $100. Fast delivery guaranteed",
            "button_text": "Learn More",
            "button_link": "shopify://pages/shipping",
            "text_alignment": "left",
            "text_color": "#ffffff"
          }
        },
        "slide_4": {
          "type": "slide",
          "settings": {
            "title": "Customer Satisfaction",
            "subtitle": "Join thousands of happy customers worldwide",
            "button_text": "Read Reviews",
            "button_link": "shopify://pages/reviews",
            "text_alignment": "center",
            "text_color": "#ffffff"
          }
        }
      },
      "block_order": [
        "slide_1",
        "slide_2",
        "slide_3",
        "slide_4"
      ],
      "settings": {
        "autoplay_enabled": true,
        "autoplay_speed": 5,
        "height_desktop": "85vh",
        "height_mobile": "70vh",
        "overlay_opacity": 10,
        "show_thumbnails": true,
        "show_indicators": true
      }
    },
    "promo_ticker_custom": {
      "type": "promo-ticker-custom",
      "blocks": {
        "msg_1": {
          "type": "message",
          "settings": {
            "text": "BLACK FRIDAY SALE",
            "icon_type": "tag"
          }
        },
        "msg_2": {
          "type": "message",
          "settings": {
            "text": "UP TO 50% OFF",
            "icon_type": "chart"
          }
        },
        "msg_3": {
          "type": "message",
          "settings": {
            "text": "FREE SHIPPING ON ALL ORDERS",
            "icon_type": "truck"
          }
        },
        "msg_4": {
          "type": "message",
          "settings": {
            "text": "2-YEAR WARRANTY INCLUDED",
            "icon_type": "shield"
          }
        }
      },
      "block_order": [
        "msg_1",
        "msg_2",
        "msg_3",
        "msg_4"
      ],
      "settings": {
        "enabled": true,
        "background_color": "#004d43",
        "text_color": "#ffffff",
        "speed": 30,
        "border_top": true,
        "border_bottom": true
      }
    },
    "christmas_banner_custom": {
      "type": "christmas-banner-custom",
      "settings": {
        "enabled": true,
        "icon_type": "christmas-tree",
        "title": "Christmas Sale",
        "subtitle": "Special holiday offers on all products. Limited time only!",
        "button_text": "ORDER NOW",
        "button_color": "#004d43",
        "text_alignment_desktop": "left",
        "text_alignment_mobile": "center"
      }
    },
    "best_sellers_custom": {
      "type": "best-sellers-custom",
      "settings": {
        "title": "Best Seller",
        "collection": "best-sellers",
        "products_to_show": 6,
        "show_vendor": false,
        "show_shipping_date": true,
        "show_color_swatches": true,
        "enable_quick_buy": true
      }
    },
    "categories_custom": {
      "type": "categories-custom",
      "blocks": {
        "category_1": {
          "type": "category",
          "settings": {
            "collection": "",
            "title": "City E-Bike"
          }
        },
        "category_2": {
          "type": "category",
          "settings": {
            "collection": "",
            "title": "Foldable E-Bike"
          }
        },
        "category_3": {
          "type": "category",
          "settings": {
            "collection": "",
            "title": "Fat Tire"
          }
        },
        "category_4": {
          "type": "category",
          "settings": {
            "collection": "",
            "title": "Cargo"
          }
        },
        "category_5": {
          "type": "category",
          "settings": {
            "collection": "",
            "title": "Gear"
          }
        },
        "category_6": {
          "type": "category",
          "settings": {
            "collection": "",
            "title": "Sale"
          }
        }
      },
      "block_order": [
        "category_1",
        "category_2",
        "category_3",
        "category_4",
        "category_5",
        "category_6"
      ],
      "settings": {
        "title": "Shop by category",
        "columns_desktop": 6,
        "columns_mobile": 2
      }
    },
    "feature_video_custom": {
      "type": "feature-video-custom",
      "settings": {
        "video_type": "youtube",
        "video_url": "",
        "title": "See Our Products in Action",
        "description": "Watch how our products can transform your daily experience",
        "autoplay": false,
        "loop": true,
        "show_controls": true
      }
    },
    "reviews_custom": {
      "type": "reviews-custom",
      "blocks": {
        "review_1": {
          "type": "review",
          "settings": {
            "customer_name": "John Smith",
            "rating": 5,
            "review_text": "Absolutely love this product! The quality is outstanding and it exceeded my expectations. Highly recommend to anyone looking for premium quality.",
            "review_date": "2 weeks ago",
            "verified": true
          }
        },
        "review_2": {
          "type": "review",
          "settings": {
            "customer_name": "Sarah Johnson",
            "rating": 5,
            "review_text": "Best purchase I've made this year. The customer service was excellent and the product arrived quickly. Five stars!",
            "review_date": "1 month ago",
            "verified": true
          }
        },
        "review_3": {
          "type": "review",
          "settings": {
            "customer_name": "Michael Chen",
            "rating": 4,
            "review_text": "Great product overall. Very satisfied with the quality and performance. Would definitely buy again.",
            "review_date": "3 weeks ago",
            "verified": true
          }
        },
        "review_4": {
          "type": "review",
          "settings": {
            "customer_name": "Emily Davis",
            "rating": 5,
            "review_text": "Outstanding quality and design. This product has become an essential part of my daily routine. Can't recommend it enough!",
            "review_date": "1 week ago",
            "verified": true
          }
        }
      },
      "block_order": [
        "review_1",
        "review_2",
        "review_3",
        "review_4"
      ],
      "settings": {
        "title": "Customer Reviews",
        "rating_source": "manual"
      }
    },
    "blog_section_custom": {
      "type": "blog-section-custom",
      "settings": {
        "title": "Latest Stories",
        "blog": "news",
        "articles_to_show": 3,
        "show_excerpt": true,
        "show_date": true,
        "show_author": false
      }
    },
    "social_family_custom": {
      "type": "social-family-custom",
      "blocks": {
        "image_1": {
          "type": "image",
          "settings": {
            "enable_product": false
          }
        },
        "image_2": {
          "type": "image",
          "settings": {
            "enable_product": false
          }
        },
        "image_3": {
          "type": "image",
          "settings": {
            "enable_product": false
          }
        },
        "image_4": {
          "type": "image",
          "settings": {
            "enable_product": false
          }
        }
      },
      "block_order": [
        "image_1",
        "image_2",
        "image_3",
        "image_4"
      ],
      "settings": {
        "title": "Join Our Family",
        "subtitle": "Share your experience with us on Instagram",
        "instagram_handle": "",
        "enable_quick_add": false
      }
    },
    "help_download_custom": {
      "type": "help-download-custom",
      "blocks": {
        "resource_1": {
          "type": "resource",
          "settings": {
            "icon_type": "manual",
            "title": "User Manual",
            "description": "Download our comprehensive user manual with step-by-step guides and troubleshooting tips.",
            "button_text": "Download PDF"
          }
        },
        "resource_2": {
          "type": "resource",
          "settings": {
            "icon_type": "app",
            "title": "Mobile App",
            "description": "Get the most out of your experience with our mobile app, available for iOS and Android.",
            "button_text": "Get the App"
          }
        },
        "resource_3": {
          "type": "resource",
          "settings": {
            "icon_type": "faq",
            "title": "FAQ",
            "description": "Find answers to the most common questions about our products and services.",
            "button_text": "View FAQ"
          }
        }
      },
      "block_order": [
        "resource_1",
        "resource_2",
        "resource_3"
      ],
      "settings": {
        "title": "Help & Resources",
        "subtitle": "Find everything you need to get the most out of your experience",
        "background_color": "#f9f9f9",
        "columns_desktop": 3
      }
    }
  },
  "order": [
    "hero_custom",
    "promo_ticker_custom",
    "christmas_banner_custom",
    "best_sellers_custom",
    "categories_custom",
    "feature_video_custom",
    "reviews_custom",
    "blog_section_custom",
    "social_family_custom",
    "help_download_custom"
  ]
}
